<?xml version="1.0" encoding="utf-8"?>
<access component="com_chronos">
	<section name="component">
		<action name="core.admin" title="JACTION_ADMIN" description="JACTION_ADMIN_COMPONENT_DESC" />
		<action name="core.manage" title="JACTION_MANAGE" description="JACTION_MANAGE_COMPONENT_DESC" />
		<action name="core.create" title="JACTION_CREATE" description="JACTION_CREATE_COMPONENT_DESC" />
		<action name="core.delete" title="JACTION_DELETE" description="JACTION_DELETE_COMPONENT_DESC" />
		<action name="core.edit" title="JACTION_EDIT" description="JACTION_EDIT_COMPONENT_DESC" />
		<action name="core.edit.state" title="JACTION_EDITSTATE" description="JACTION_EDITSTATE_COMPONENT_DESC" />
		<action name="core.view.own" title="CHRONOS_JACTION_VIEW_OWN" description="CHRONOS_JACTION_ALLOW_USERS_IN_THE_GROUP_TO_VIEW_ANY_CONTENT_THEY_SUBMITTED_EVEN_IF_NOT_PUBLISHED_IN_THIS_EXTENSION" />
		<action name="core.edit.own" title="CHRONOS_JACTION_EDIT_OWN" description="CHRONOS_JACTION_ALLOW_USERS_IN_THE_GROUP_TO_EDIT_ANY_CONTENT_THEY_SUBMITTED_IN_THIS_EXTENSION" />
		<action name="core.delete.own" title="CHRONOS_JACTION_DELETE_OWN" description="CHRONOS_JACTION_ALLOW_USERS_IN_THE_GROUP_TO_DELETE_ANY_CONTENT_THEY_SUBMITTED_IN_THIS_EXTENSION" />

	</section>
</access>